{
  "baseline_verification": {
    "environment": {
      "python": "3.12.3",
      "cuda_available": true,
      "cuda_version": "12.1",
      "device": "NVIDIA GeForce RTX 4080 Laptop GPU",
      "torch": "2.5.1+cu121",
      "transformers": "4.53.0",
      "bitsandbytes": "0.46.1",
      "datasets": "3.6.0",
      "accelerate": "1.8.1",
      "pip_check_passed": true
    },
    "baseline_issue_fixed": "Global pruning was refreshed after switching from row-quantile pruning to parameter-count-aware cumulative pruning.",
    "student_accuracy": 0.9002293577981652,
    "sp15": {
      "Distilled Student (Baseline)": {
        "accuracy": 0.9002293577981652,
        "loss": 0.4174833619334829,
        "real_sparsity": 0.0,
        "theoretical_gflops": 0.681298944,
        "measured_latency_ms": 38.820854377746585,
        "model_size_mb": 255.42503356933594,
        "peak_memory_mb": 563.80517578125,
        "structural_speedup_realized": false
      },
      "Baseline Pruned Sparse FP32": {
        "accuracy": 0.8761467889908257,
        "loss": 0.3689767360140424,
        "real_sparsity": 0.15001085069444442,
        "theoretical_gflops": 0.5790967098333334,
        "measured_latency_ms": 38.2237325668335,
        "model_size_mb": 255.42503356933594,
        "peak_memory_mb": 403.6865234375,
        "structural_speedup_realized": false
      },
      "Baseline Pruned + PTQ": {
        "accuracy": 0.8681192660550459,
        "loss": 0.3697956393071271,
        "real_sparsity": 0.15001085069444442,
        "theoretical_gflops": 0.5790967098333334,
        "measured_latency_ms": 14.466454362869262,
        "model_size_mb": 68.70995616912842,
        "peak_memory_mb": 160.642578125,
        "structural_speedup_realized": false
      },
      "Baseline Pruned + QKD": {
        "accuracy": 0.8704128440366973,
        "loss": 0.35916359025403993,
        "real_sparsity": 0.15001085069444442,
        "theoretical_gflops": 0.5790967098333334,
        "measured_latency_ms": 14.51737289428711,
        "model_size_mb": 68.70995616912842,
        "peak_memory_mb": 184.4638671875,
        "structural_speedup_realized": false
      }
    },
    "sp20": {
      "Distilled Student (Baseline)": {
        "accuracy": 0.9002293577981652,
        "loss": 0.4174833619334829,
        "real_sparsity": 0.0,
        "theoretical_gflops": 0.681298944,
        "measured_latency_ms": 40.253057670593265,
        "model_size_mb": 255.42503356933594,
        "peak_memory_mb": 563.80517578125,
        "structural_speedup_realized": false
      },
      "Baseline Pruned Sparse FP32": {
        "accuracy": 0.8795871559633027,
        "loss": 0.36456690687652027,
        "real_sparsity": 0.20001446759259256,
        "theoretical_gflops": 0.5450292984444445,
        "measured_latency_ms": 37.45809898376465,
        "model_size_mb": 255.42503356933594,
        "peak_memory_mb": 403.6865234375,
        "structural_speedup_realized": false
      },
      "Baseline Pruned + PTQ": {
        "accuracy": 0.8784403669724771,
        "loss": 0.3568330904759398,
        "real_sparsity": 0.20001446759259256,
        "theoretical_gflops": 0.5450292984444445,
        "measured_latency_ms": 13.995147228240967,
        "model_size_mb": 68.70995616912842,
        "peak_memory_mb": 160.642578125,
        "structural_speedup_realized": false
      },
      "Baseline Pruned + QKD": {
        "accuracy": 0.8841743119266054,
        "loss": 0.3460006281870221,
        "real_sparsity": 0.20001446759259256,
        "theoretical_gflops": 0.5450292984444445,
        "measured_latency_ms": 15.208636713027953,
        "model_size_mb": 68.70995616912842,
        "peak_memory_mb": 184.4638671875,
        "structural_speedup_realized": false
      }
    },
    "output_dir": "outputs/exp_baseline_refresh_20260325_120004"
  },
  "quick_ablation": {
    "Distilled Student (Baseline)": {
      "accuracy": 0.9002293577981652,
      "loss": 0.4174833619334829,
      "real_sparsity": 0.0,
      "theoretical_gflops": 0.681298944,
      "measured_latency_ms": 36.232293128967285,
      "model_size_mb": 255.42503356933594,
      "peak_memory_mb": 563.80517578125,
      "structural_speedup_realized": false
    },
    "A. Baseline Pruned": {
      "accuracy": 0.8211009174311926,
      "loss": 0.4589528545327143,
      "real_sparsity": 0.20001446759259256,
      "theoretical_gflops": 0.5450292984444445,
      "measured_latency_ms": 35.59905433654785,
      "model_size_mb": 255.42503356933594,
      "peak_memory_mb": 403.6865234375,
      "structural_speedup_realized": false
    },
    "A. Baseline QKD": {
      "accuracy": 0.8222477064220184,
      "loss": 0.45949462028818394,
      "real_sparsity": 0.20001446759259256,
      "theoretical_gflops": 0.5450292984444445,
      "measured_latency_ms": 58.57928619384766,
      "model_size_mb": 68.70995616912842,
      "peak_memory_mb": 160.642578125,
      "structural_speedup_realized": false
    },
    "B. DGSP Score Only Pruned": {
      "accuracy": 0.8922018348623854,
      "loss": 0.29472311039309984,
      "real_sparsity": 0.20001446759259256,
      "theoretical_gflops": 0.5450292984444445,
      "measured_latency_ms": 34.663919639587405,
      "model_size_mb": 255.42503356933594,
      "peak_memory_mb": 432.0078125,
      "structural_speedup_realized": false
    },
    "B. DGSP Score Only QKD": {
      "accuracy": 0.9059633027522935,
      "loss": 0.28112356180171355,
      "real_sparsity": 0.20001446759259256,
      "theoretical_gflops": 0.5450292984444445,
      "measured_latency_ms": 13.719217586517335,
      "model_size_mb": 68.70995616912842,
      "peak_memory_mb": 183.8388671875,
      "structural_speedup_realized": false
    },
    "C. DGSP + Adaptive Pruned": {
      "accuracy": 0.8864678899082569,
      "loss": 0.31909575648264055,
      "real_sparsity": 0.20032190393518523,
      "theoretical_gflops": 0.5448198423888889,
      "measured_latency_ms": 35.61926383972168,
      "model_size_mb": 255.42503356933594,
      "peak_memory_mb": 455.7041015625,
      "structural_speedup_realized": false
    },
    "C. DGSP + Adaptive QKD": {
      "accuracy": 0.8853211009174312,
      "loss": 0.3174072468499525,
      "real_sparsity": 0.20032190393518523,
      "theoretical_gflops": 0.5448198423888889,
      "measured_latency_ms": 13.6675790309906,
      "model_size_mb": 68.70995616912842,
      "peak_memory_mb": 207.03515625,
      "structural_speedup_realized": false
    },
    "D. DGSP-WKD": {
      "accuracy": 0.8876146788990825,
      "loss": 0.31760979874418416,
      "real_sparsity": 0.20032190393518523,
      "theoretical_gflops": 0.5448198423888889,
      "measured_latency_ms": 13.566302394866943,
      "model_size_mb": 68.70995616912842,
      "peak_memory_mb": 230.7314453125,
      "structural_speedup_realized": false
    }
  },
  "formal_results": {
    "sp15": {
      "Distilled Student (Baseline)": {
        "accuracy": 0.9002293577981652,
        "loss": 0.4174833619334829,
        "real_sparsity": 0.0,
        "theoretical_gflops": 0.681298944,
        "measured_latency_ms": 38.820854377746585,
        "model_size_mb": 255.42503356933594,
        "peak_memory_mb": 563.80517578125,
        "structural_speedup_realized": false
      },
      "Baseline Pruned Sparse FP32": {
        "accuracy": 0.8761467889908257,
        "loss": 0.3689767360140424,
        "real_sparsity": 0.15001085069444442,
        "theoretical_gflops": 0.5790967098333334,
        "measured_latency_ms": 38.2237325668335,
        "model_size_mb": 255.42503356933594,
        "peak_memory_mb": 403.6865234375,
        "structural_speedup_realized": false
      },
      "Baseline Pruned + PTQ": {
        "accuracy": 0.8681192660550459,
        "loss": 0.3697956393071271,
        "real_sparsity": 0.15001085069444442,
        "theoretical_gflops": 0.5790967098333334,
        "measured_latency_ms": 14.466454362869262,
        "model_size_mb": 68.70995616912842,
        "peak_memory_mb": 160.642578125,