{
  "method": "dgsp",
  "global_step": 6318,
  "lambda_score": 0.5,
  "ema_beta": 0.9,
  "layer_sensitivity": {
    "distilbert.transformer.layer.0.attention.k_lin": 0.2553758509434837,
    "distilbert.transformer.layer.0.attention.out_lin": 0.45650542114903025,
    "distilbert.transformer.layer.0.attention.q_lin": 0.2881738754485498,
    "distilbert.transformer.layer.0.attention.v_lin": 0.4003018493372939,
    "distilbert.transformer.layer.0.ffn.lin1": 0.31224580062993257,
    "distilbert.transformer.layer.0.ffn.lin2": 0.9433134993376183,
    "distilbert.transformer.layer.1.attention.k_lin": 0.4207208258459459,
    "distilbert.transformer.layer.1.attention.out_lin": 0.4044845058916662,
    "distilbert.transformer.layer.1.attention.q_lin": 0.4577587230669141,
    "distilbert.transformer.layer.1.attention.v_lin": 0.3549526111961074,
    "distilbert.transformer.layer.1.ffn.lin1": 0.5180623006425793,
    "distilbert.transformer.layer.1.ffn.lin2": 1.0,
    "distilbert.transformer.layer.2.attention.k_lin": 0.36921067178731726,
    "distilbert.transformer.layer.2.attention.out_lin": 0.4615910305368813,
    "distilbert.transformer.layer.2.attention.q_lin": 0.38964074362392404,
    "distilbert.transformer.layer.2.attention.v_lin": 0.5502175953659892,
    "distilbert.transformer.layer.2.ffn.lin1": 0.46955512530339377,
    "distilbert.transformer.layer.2.ffn.lin2": 0.9972590778823381,
    "distilbert.transformer.layer.3.attention.k_lin": 0.44451071343240833,
    "distilbert.transformer.layer.3.attention.out_lin": 0.4384966695680636,
    "distilbert.transformer.layer.3.attention.q_lin": 0.43498274159347905,
    "distilbert.transformer.layer.3.attention.v_lin": 0.5111031793098085,
    "distilbert.transformer.layer.3.ffn.lin1": 0.22439003199497665,
    "distilbert.transformer.layer.3.ffn.lin2": 0.796230917093735,
    "distilbert.transformer.layer.4.attention.k_lin": 0.2914792958829657,
    "distilbert.transformer.layer.4.attention.out_lin": 0.2096328697022042,
    "distilbert.transformer.layer.4.attention.q_lin": 0.2384673703800065,
    "distilbert.transformer.layer.4.attention.v_lin": 0.3406573154365067,
    "distilbert.transformer.layer.4.ffn.lin1": 0.07500103195952801,
    "distilbert.transformer.layer.4.ffn.lin2": 0.7299210999945746,
    "distilbert.transformer.layer.5.attention.k_lin": 0.1484130343023347,
    "distilbert.transformer.layer.5.attention.out_lin": 0.11485493281825937,
    "distilbert.transformer.layer.5.attention.q_lin": 0.13743035213467997,
    "distilbert.transformer.layer.5.attention.v_lin": 0.2051851476435545,
    "distilbert.transformer.layer.5.ffn.lin1": 0.0,
    "distilbert.transformer.layer.5.ffn.lin2": 0.5317554397901215
  },
  "layers": [
    {
      "layer_name": "distilbert.transformer.layer.0.attention.k_lin",
      "mean_sensitivity": 0.05660168454051018,
      "normalized_sensitivity": 0.2553758509434837,
      "mean_l2_score": 0.07763950526714325,
      "mean_kd_score": 0.035563867539167404,
      "num_groups": 768,
      "fused_min": 3.846953589015101e-10,
      "fused_max": 0.16049650311470032
    },
    {
      "layer_name": "distilbert.transformer.layer.0.attention.out_lin",
      "mean_sensitivity": 0.07253873348236084,
      "normalized_sensitivity": 0.45650542114903025,
      "mean_l2_score": 0.06740960478782654,
      "mean_kd_score": 0.07766787707805634,
      "num_groups": 768,
      "fused_min": 1.6206272990260118e-09,
      "fused_max": 0.24492569267749786
    },
    {
      "layer_name": "distilbert.transformer.layer.0.attention.q_lin",
      "mean_sensitivity": 0.05920052528381348,
      "normalized_sensitivity": 0.2881738754485498,
      "mean_l2_score": 0.07681915909051895,
      "mean_kd_score": 0.0415818877518177,
      "num_groups": 768,
      "fused_min": 2.8843180621684894e-10,
      "fused_max": 0.16061289608478546
    },
    {
      "layer_name": "distilbert.transformer.layer.0.attention.v_lin",
      "mean_sensitivity": 0.06808529049158096,
      "normalized_sensitivity": 0.4003018493372939,
      "mean_l2_score": 0.06148882210254669,
      "mean_kd_score": 0.07468175888061523,
      "num_groups": 768,
      "fused_min": 1.504678159847117e-09,
      "fused_max": 0.19475466012954712
    },
    {
      "layer_name": "distilbert.transformer.layer.0.ffn.lin1",
      "mean_sensitivity": 0.061107929795980453,
      "normalized_sensitivity": 0.31224580062993257,
      "mean_l2_score": 0.07338938862085342,
      "mean_kd_score": 0.04882648214697838,
      "num_groups": 3072,
      "fused_min": 4.714684753714948e-10,
      "fused_max": 0.26813721656799316
    },
    {
      "layer_name": "distilbert.transformer.layer.0.ffn.lin2",
      "mean_sensitivity": 0.11111229658126831,
      "normalized_sensitivity": 0.9433134993376183,
      "mean_l2_score": 0.1873653382062912,
      "mean_kd_score": 0.03485928848385811,
      "num_groups": 768,
      "fused_min": 1.0567560160268386e-09,
      "fused_max": 0.411525696516037
    },
    {
      "layer_name": "distilbert.transformer.layer.1.attention.k_lin",
      "mean_sensitivity": 0.06970324367284775,
      "normalized_sensitivity": 0.4207208258459459,
      "mean_l2_score": 0.1091424822807312,
      "mean_kd_score": 0.030264010652899742,
      "num_groups": 768,
      "fused_min": 5.620148235685463e-10,
      "fused_max": 0.20952396094799042
    },
    {
      "layer_name": "distilbert.transformer.layer.1.attention.out_lin",
      "mean_sensitivity": 0.06841671466827393,
      "normalized_sensitivity": 0.4044845058916662,
      "mean_l2_score": 0.06833094358444214,
      "mean_kd_score": 0.06850246340036392,
      "num_groups": 768,
      "fused_min": 8.579419397136689e-10,
      "fused_max": 0.22104641795158386
    },
    {
      "layer_name": "distilbert.transformer.layer.1.attention.q_lin",
      "mean_sensitivity": 0.07263804227113724,
      "normalized_sensitivity": 0.4577587230669141,
      "mean_l2_score": 0.113066665828228,
      "mean_kd_score": 0.03220944479107857,
      "num_groups": 768,
      "fused_min": 2.500492590762349e-10,
      "fused_max": 0.18432903289794922
    },
    {
      "layer_name": "distilbert.transformer.layer.1.attention.v_lin",
      "mean_sensitivity": 0.06449192017316818,
      "normalized_sensitivity": 0.3549526111961074,
      "mean_l2_score": 0.06452292948961258,
      "mean_kd_score": 0.06446090340614319,
      "num_groups": 768,
      "fused_min": 1.3372472018602366e-09,
      "fused_max": 0.16507963836193085
    },
    {
      "layer_name": "distilbert.transformer.layer.1.ffn.lin1",
      "mean_sensitivity": 0.07741636037826538,
      "normalized_sensitivity": 0.5180623006425793,
      "mean_l2_score": 0.09242666512727737,
      "mean_kd_score": 0.062406063079833984,
      "num_groups": 3072,
      "fused_min": 6.301392740937217e-10,
      "fused_max": 0.38204774260520935
    },
    {
      "layer_name": "distilbert.transformer.layer.1.ffn.lin2",
      "mean_sensitivity": 0.11560400575399399,
      "normalized_sensitivity": 1.0,
      "mean_l2_score": 0.19057823717594147,
      "mean_kd_score": 0.04062977805733681,
      "num_groups": 768,
      "fused_min": 4.0308331672456177e-10,
      "fused_max": 0.2941913604736328
    },
    {
      "layer_name": "distilbert.transformer.layer.2.attention.k_lin",
      "mean_sensitivity": 0.06562169641256332,
      "normalized_sensitivity": 0.36921067178731726,
      "mean_l2_score": 0.08943992108106613,
      "mean_kd_score": 0.04180346056818962,
      "num_groups": 768,
      "fused_min": 3.961559136289594e-10,
      "fused_max": 0.24319398403167725
    },
    {
      "layer_name": "distilbert.transformer.layer.2.attention.out_lin",
      "mean_sensitivity": 0.07294170558452606,
      "normalized_sensitivity": 0.4615910305368813,
      "mean_l2_score": 0.08105171471834183,
      "mean_kd_score": 0.0648317039012909,
      "num_groups": 768,
      "fused_min": 6.566216459447105e-10,