{
  "weighted_hidden_enabled": true,
  "sensitivity_path": "models\\formal_dgsp_wkd_20260325_074046_formal_dgsp_sp20_prune_sp20\\layer_sensitivity.json",
  "fallback_to_uniform": false,
  "tau": 1.0,
  "layer_sensitivity": {
    "distilbert.transformer.layer.0.attention.k_lin": 0.2553758509434837,
    "distilbert.transformer.layer.0.attention.out_lin": 0.45650542114903025,
    "distilbert.transformer.layer.0.attention.q_lin": 0.2881738754485498,
    "distilbert.transformer.layer.0.attention.v_lin": 0.4003018493372939,
    "distilbert.transformer.layer.0.ffn.lin1": 0.31224580062993257,
    "distilbert.transformer.layer.0.ffn.lin2": 0.9433134993376183,
    "distilbert.transformer.layer.1.attention.k_lin": 0.4207208258459459,
    "distilbert.transformer.layer.1.attention.out_lin": 0.4044845058916662,
    "distilbert.transformer.layer.1.attention.q_lin": 0.4577587230669141,
    "distilbert.transformer.layer.1.attention.v_lin": 0.3549526111961074,
    "distilbert.transformer.layer.1.ffn.lin1": 0.5180623006425793,
    "distilbert.transformer.layer.1.ffn.lin2": 1.0,
    "distilbert.transformer.layer.2.attention.k_lin": 0.36921067178731726,
    "distilbert.transformer.layer.2.attention.out_lin": 0.4615910305368813,
    "distilbert.transformer.layer.2.attention.q_lin": 0.38964074362392404,
    "distilbert.transformer.layer.2.attention.v_lin": 0.5502175953659892,
    "distilbert.transformer.layer.2.ffn.lin1": 0.46955512530339377,
    "distilbert.transformer.layer.2.ffn.lin2": 0.9972590778823381,
    "distilbert.transformer.layer.3.attention.k_lin": 0.44451071343240833,
    "distilbert.transformer.layer.3.attention.out_lin": 0.4384966695680636,
    "distilbert.transformer.layer.3.attention.q_lin": 0.43498274159347905,
    "distilbert.transformer.layer.3.attention.v_lin": 0.5111031793098085,
    "distilbert.transformer.layer.3.ffn.lin1": 0.22439003199497665,
    "distilbert.transformer.layer.3.ffn.lin2": 0.796230917093735,
    "distilbert.transformer.layer.4.attention.k_lin": 0.2914792958829657,
    "distilbert.transformer.layer.4.attention.out_lin": 0.2096328697022042,
    "distilbert.transformer.layer.4.attention.q_lin": 0.2384673703800065,
    "distilbert.transformer.layer.4.attention.v_lin": 0.3406573154365067,
    "distilbert.transformer.layer.4.ffn.lin1": 0.07500103195952801,
    "distilbert.transformer.layer.4.ffn.lin2": 0.7299210999945746,
    "distilbert.transformer.layer.5.attention.k_lin": 0.1484130343023347,
    "distilbert.transformer.layer.5.attention.out_lin": 0.11485493281825937,
    "distilbert.transformer.layer.5.attention.q_lin": 0.13743035213467997,
    "distilbert.transformer.layer.5.attention.v_lin": 0.2051851476435545,
    "distilbert.transformer.layer.5.ffn.lin1": 0.0,
    "distilbert.transformer.layer.5.ffn.lin2": 0.5317554397901215
  },
  "block_sensitivity": {
    "0": 0.4426527161409847,
    "1": 0.5259964944405354,
    "2": 0.5395790407499739,
    "3": 0.4749523754987452,
    "4": 0.31419316389263097,
    "5": 0.18960648444815834
  },
  "hidden_scores": [
    0.4144967125285048,
    0.4426527161409847,
    0.5259964944405354,
    0.5395790407499739,
    0.4749523754987452,
    0.31419316389263097,
    0.18960648444815834
  ],
  "hidden_weights": [
    0.14193981885910034,
    0.14599308371543884,
    0.15868212282657623,
    0.16085213422775269,
    0.15078558027744293,
    0.1283934861421585,
    0.11335369944572449
  ]
}