{
  "Distilled Student (Baseline)": {
    "accuracy": 0.9002293577981652,
    "loss": 0.4174833619334829,
    "real_sparsity": 0.0,
    "theoretical_gflops": 0.681298944,
    "measured_latency_ms": 44.47178993225098,
    "model_size_mb": 255.42503356933594,
    "peak_memory_mb": 563.80517578125,
    "structural_speedup_realized": false
  },
  "Baseline Pruned Sparse FP32": {
    "accuracy": 0.8646788990825688,
    "loss": 0.3743845959869,
    "real_sparsity": 0.14999276620370372,
    "theoretical_gflops": 0.5791090307777778,
    "measured_latency_ms": 45.93445644378662,
    "model_size_mb": 255.42503356933594,
    "peak_memory_mb": 403.6865234375,
    "structural_speedup_realized": false
  },
  "Baseline Pruned + PTQ": {
    "accuracy": 0.8681192660550459,
    "loss": 0.37332422580194036,
    "real_sparsity": 0.14999276620370372,
    "theoretical_gflops": 0.5791090307777778,
    "measured_latency_ms": 17.231841707229613,
    "model_size_mb": 68.70995616912842,
    "peak_memory_mb": 160.642578125,
    "structural_speedup_realized": false
  },
  "Baseline Pruned + QKD": {
    "accuracy": 0.8727064220183486,
    "loss": 0.36420360945780345,
    "real_sparsity": 0.14999276620370372,
    "theoretical_gflops": 0.5791090307777778,
    "measured_latency_ms": 17.4534893989563,
    "model_size_mb": 68.70995616912842,
    "peak_memory_mb": 184.4638671875,
    "structural_speedup_realized": false
  },
  "DGSP Sparse FP32": {
    "accuracy": 0.9094036697247706,
    "loss": 0.28711607549852186,
    "real_sparsity": 0.2003489835762683,
    "theoretical_gflops": 0.5448013930580151,
    "measured_latency_ms": 47.471499061584474,
    "model_size_mb": 255.42503356933594,
    "peak_memory_mb": 454.2041015625,
    "structural_speedup_realized": false
  },
  "DGSP + PTQ": {
    "accuracy": 0.9059633027522935,
    "loss": 0.28306529554752036,
    "real_sparsity": 0.2003489835762683,
    "theoretical_gflops": 0.5448013930580151,
    "measured_latency_ms": 21.13437623977661,
    "model_size_mb": 68.70995616912842,
    "peak_memory_mb": 208.03515625,
    "structural_speedup_realized": false
  },
  "DGSP-WKD": {
    "accuracy": 0.9059633027522935,
    "loss": 0.2675547988384689,
    "real_sparsity": 0.2003489835762683,
    "theoretical_gflops": 0.5448013930580151,
    "measured_latency_ms": 17.9419056892395,
    "model_size_mb": 68.70995616912842,
    "peak_memory_mb": 232.1064453125,
    "structural_speedup_realized": false
  }
}