{
  "Distilled Student (Baseline)": {
    "accuracy": 0.9002293577981652,
    "loss": 0.4174833619334829,
    "real_sparsity": 0.0,
    "theoretical_gflops": 0.681298944,
    "measured_latency_ms": 38.820854377746585,
    "model_size_mb": 255.42503356933594,
    "peak_memory_mb": 563.80517578125,
    "structural_speedup_realized": false
  },
  "Baseline Pruned Sparse FP32": {
    "accuracy": 0.8761467889908257,
    "loss": 0.3689767360140424,
    "real_sparsity": 0.15001085069444442,
    "theoretical_gflops": 0.5790967098333334,
    "measured_latency_ms": 38.2237325668335,
    "model_size_mb": 255.42503356933594,
    "peak_memory_mb": 403.6865234375,
    "structural_speedup_realized": false
  },
  "Baseline Pruned + PTQ": {
    "accuracy": 0.8681192660550459,
    "loss": 0.3697956393071271,
    "real_sparsity": 0.15001085069444442,
    "theoretical_gflops": 0.5790967098333334,
    "measured_latency_ms": 14.466454362869262,
    "model_size_mb": 68.70995616912842,
    "peak_memory_mb": 160.642578125,
    "structural_speedup_realized": false
  },
  "Baseline Pruned + QKD": {
    "accuracy": 0.8704128440366973,
    "loss": 0.35916359025403993,
    "real_sparsity": 0.15001085069444442,
    "theoretical_gflops": 0.5790967098333334,
    "measured_latency_ms": 14.51737289428711,
    "model_size_mb": 68.70995616912842,
    "peak_memory_mb": 184.4638671875,
    "structural_speedup_realized": false
  }
}