{
  "Distilled Student (Baseline)": {
    "accuracy": 0.9002293577981652,
    "loss": 0.4174833619334829,
    "real_sparsity": 0.0,
    "theoretical_gflops": 0.681298944,
    "measured_latency_ms": 36.232293128967285,
    "model_size_mb": 255.42503356933594,
    "peak_memory_mb": 563.80517578125,
    "structural_speedup_realized": false
  },
  "A. Baseline Pruned": {
    "accuracy": 0.8211009174311926,
    "loss": 0.4589528545327143,
    "real_sparsity": 0.20001446759259256,
    "theoretical_gflops": 0.5450292984444445,
    "measured_latency_ms": 35.59905433654785,
    "model_size_mb": 255.42503356933594,
    "peak_memory_mb": 403.6865234375,
    "structural_speedup_realized": false
  },
  "A. Baseline QKD": {
    "accuracy": 0.8222477064220184,
    "loss": 0.45949462028818394,
    "real_sparsity": 0.20001446759259256,
    "theoretical_gflops": 0.5450292984444445,
    "measured_latency_ms": 58.57928619384766,
    "model_size_mb": 68.70995616912842,
    "peak_memory_mb": 160.642578125,
    "structural_speedup_realized": false
  },
  "B. DGSP Score Only Pruned": {
    "accuracy": 0.8922018348623854,
    "loss": 0.29472311039309984,
    "real_sparsity": 0.20001446759259256,
    "theoretical_gflops": 0.5450292984444445,
    "measured_latency_ms": 34.663919639587405,
    "model_size_mb": 255.42503356933594,
    "peak_memory_mb": 432.0078125,
    "structural_speedup_realized": false
  },
  "B. DGSP Score Only QKD": {
    "accuracy": 0.9059633027522935,
    "loss": 0.28112356180171355,
    "real_sparsity": 0.20001446759259256,
    "theoretical_gflops": 0.5450292984444445,
    "measured_latency_ms": 13.719217586517335,
    "model_size_mb": 68.70995616912842,
    "peak_memory_mb": 183.8388671875,
    "structural_speedup_realized": false
  },
  "C. DGSP + Adaptive Pruned": {
    "accuracy": 0.8864678899082569,
    "loss": 0.31909575648264055,
    "real_sparsity": 0.20032190393518523,
    "theoretical_gflops": 0.5448198423888889,
    "measured_latency_ms": 35.61926383972168,
    "model_size_mb": 255.42503356933594,
    "peak_memory_mb": 455.7041015625,
    "structural_speedup_realized": false
  },
  "C. DGSP + Adaptive QKD": {
    "accuracy": 0.8853211009174312,
    "loss": 0.3174072468499525,
    "real_sparsity": 0.20032190393518523,
    "theoretical_gflops": 0.5448198423888889,
    "measured_latency_ms": 13.6675790309906,
    "model_size_mb": 68.70995616912842,
    "peak_memory_mb": 207.03515625,
    "structural_speedup_realized": false
  },
  "D. DGSP-WKD": {
    "accuracy": 0.8876146788990825,
    "loss": 0.31760979874418416,
    "real_sparsity": 0.20032190393518523,
    "theoretical_gflops": 0.5448198423888889,
    "measured_latency_ms": 13.566302394866943,
    "model_size_mb": 68.70995616912842,
    "peak_memory_mb": 230.7314453125,
    "structural_speedup_realized": false
  }
}